Tipo_de_Inmueble,Operacion,Provincia,Superficie,Precio_Venta,Fecha Venta,Vendedor,Satisfaccion
Casa,Alquiler,Barcelona,153.51,"1,747,005.43",25/10/04,Carmen,2.Regular
Casa,Venta,Girona,149.16,"1,849,498.82",27/09/04,Carmen,2.Regular
Casa,Alquiler,Tarragona,171.28,"2,107,069.30",12/02/05,Carmen,2.Regular
Casa,Alquiler,Girona,151.42,"1,546,162.61",23/05/05,Carmen,2.Regular
Casa,Venta,Lleida,161.95,"1,801,051.65",02/05/05,Carmen,2.Regular
Casa,Venta,Tarragona,179.01,"1,591,157.40",16/09/05,Carmen,2.Regular
Casa,Alquiler,Tarragona,162.57,"1,485,099.23",20/02/06,Carmen,2.Regular
Casa,Venta,Lleida,159.8,"1,456,010.05",16/05/06,Carmen,2.Regular
Casa,Venta,Lleida,170.63,"2,190,229.96",01/11/05,Carmen,2.Regular
Casa,Venta,Barcelona,166.38,"1,900,232.45",03/07/06,Carmen,2.Regular
Casa,Venta,Barcelona,181.97,"1,797,489.90",25/04/07,Carmen,2.Regular
Casa,Alquiler,Tarragona,166.89,"1,771,878.35",10/11/06,Carmen,2.Regular
Casa,Venta,Tarragona,165.88,"1,855,450.02",16/12/06,Carmen,2.Regular
Local,Alquiler,Tarragona,68.67,"653,034.96",04/08/04,Carmen,2.Regular
Local,Alquiler,Tarragona,122.16,"861,863.44",13/11/04,Carmen,2.Regular
Local,Venta,Barcelona,74.75,"809,612.46",25/08/04,Carmen,2.Regular
Local,Alquiler,Girona,123.99,"1,371,226.52",02/09/04,Carmen,2.Regular
Local,Alquiler,Tarragona,84.54,"936,078.57",01/07/05,Carmen,2.Regular
Local,Alquiler,Lleida,98.11,"953,921.61",30/05/05,Carmen,2.Regular
Local,Alquiler,Barcelona,107.48,"1,219,106.50",04/08/05,Carmen,2.Regular
Local,Venta,Tarragona,111.35,"1,117,403.66",25/03/06,Carmen,2.Regular
Local,Venta,Girona,109.46,"1,110,242.31",21/09/05,Carmen,2.Regular
Local,Venta,Tarragona,83.7,"911,749.56",12/02/06,Carmen,2.Regular
Local,Venta,Lleida,113.3,"1,238,879.89",12/03/06,Carmen,2.Regular
Local,Venta,Lleida,91.09,"775,983.53",18/12/06,Carmen,2.Regular
Local,Venta,Tarragona,88.42,"845,376.73",12/11/06,Carmen,2.Regular
Local,Venta,Lleida,93.94,"906,567.64",01/02/07,Carmen,2.Regular
Local,Alquiler,Girona,103.59,"1,065,951.73",15/01/07,Carmen,2.Regular
Local,Venta,Tarragona,98.96,"833,459.17",04/03/07,Carmen,2.Regular
Local,Alquiler,Girona,105.51,"1,233,659.03",17/02/07,Carmen,2.Regular
Casa,Alquiler,Barcelona,182.58,"1,743,531.52",16/06/04,Joaquin,2.Regular
Casa,Venta,Girona,181.89,"1,733,639.34",21/10/04,Joaquin,2.Regular
Casa,Alquiler,Tarragona,150.63,"1,546,639.34",17/02/06,Joaquin,2.Regular
Casa,Venta,Barcelona,177.56,"1,735,937.38",27/07/06,Joaquin,2.Regular
Casa,Venta,Lleida,173.98,"1,766,086.60",12/07/06,Joaquin,2.Regular
Casa,Alquiler,Barcelona,162.45,"1,436,342.56",28/03/07,Joaquin,2.Regular
Casa,Venta,Barcelona,142.72,"1,390,542.23",11/09/06,Joaquin,2.Regular
Casa,Venta,Girona,169.41,"1,292,566.72",13/11/06,Joaquin,2.Regular
Casa,Alquiler,Lleida,152.07,"1,307,184.98",04/04/07,Joaquin,2.Regular
Casa,Venta,Lleida,168.42,"987,201.32",01/12/06,Joaquin,2.Regular
Casa,Alquiler,Tarragona,190.88,"1,763,305.99",08/03/07,Joaquin,2.Regular
Casa,Venta,Girona,155.86,"1,718,219.79",30/03/07,Joaquin,2.Regular
Local,Venta,Barcelona,108.42,"1,280,446.26",08/01/05,Joaquin,2.Regular
Local,Alquiler,Barcelona,88.08,"938,644.40",19/02/05,Joaquin,2.Regular
Local,Venta,Lleida,84.84,"696,435.57",04/03/05,Joaquin,2.Regular
Local,Alquiler,Lleida,117.45,"1,274,000.57",15/12/05,Joaquin,2.Regular
Local,Venta,Barcelona,96.98,"1,083,602.11",25/07/05,Joaquin,2.Regular
Local,Venta,Barcelona,103.54,"924,602.42",12/01/06,Joaquin,2.Regular
Local,Venta,Lleida,106.89,"929,244.15",18/08/05,Joaquin,2.Regular
Local,Alquiler,Lleida,112.46,"910,980.42",07/09/06,Joaquin,2.Regular
Local,Venta,Tarragona,89.46,"1,315,509.12",09/03/06,Joaquin,2.Regular
Local,Venta,Lleida,87.63,"954,763.59",07/10/06,Joaquin,2.Regular
Local,Venta,Girona,85.96,"843,405.71",07/01/07,Joaquin,2.Regular
Local,Alquiler,Lleida,95.1,"928,155.48",15/03/07,Joaquin,2.Regular
Casa,Venta,Lleida,180.77,"1,972,145.94",09/09/04,Luisa,2.Regular
Casa,Alquiler,Barcelona,165.53,"1,764,865.36",14/09/04,Luisa,2.Regular
Casa,Venta,Lleida,159.92,"1,691,343.38",02/12/04,Luisa,2.Regular
Casa,Venta,Girona,162.9,"1,342,300.14",24/10/04,Luisa,2.Regular
Casa,Alquiler,Girona,162.48,"1,895,514.75",16/06/05,Luisa,2.Regular
Casa,Alquiler,Barcelona,181.56,"938,652.18",03/01/06,Luisa,2.Regular
Casa,Alquiler,Tarragona,164.02,"1,376,645.25",25/10/05,Luisa,2.Regular
Casa,Venta,Barcelona,157.75,"1,232,029.00",06/06/06,Luisa,2.Regular
Casa,Alquiler,Lleida,179.87,"1,553,324.21",16/08/06,Luisa,2.Regular
Casa,Venta,Girona,175.79,"1,572,587.40",23/04/06,Luisa,2.Regular
Casa,Alquiler,Lleida,170.15,"1,829,529.56",08/10/06,Luisa,2.Regular
Casa,Venta,Lleida,169.24,"1,661,436.10",20/11/06,Luisa,2.Regular
Casa,Venta,Girona,184.84,"2,026,445.94",27/12/06,Luisa,2.Regular
Casa,Venta,Lleida,162.38,"1,525,406.62",01/05/07,Luisa,2.Regular
Casa,Venta,Tarragona,160.64,"1,664,117.47",19/01/07,Luisa,2.Regular
Casa,Venta,Lleida,165.2,"1,392,003.19",03/05/07,Luisa,2.Regular
Local,Alquiler,Barcelona,97.16,"894,519.33",28/06/04,Luisa,2.Regular
Local,Venta,Barcelona,107.99,"928,812.83",23/05/04,Luisa,2.Regular
Local,Alquiler,Barcelona,108.79,"858,131.42",09/11/04,Luisa,2.Regular
Local,Venta,Girona,94.69,"943,428.12",04/12/04,Luisa,2.Regular
Local,Venta,Lleida,101.03,"1,164,324.33",10/03/05,Luisa,2.Regular
Local,Venta,Girona,76.79,"907,700.58",27/11/04,Luisa,2.Regular
Local,Alquiler,Barcelona,100.54,"829,299.13",16/12/04,Luisa,2.Regular
Local,Alquiler,Girona,111.73,"1,136,670.39",30/04/05,Luisa,2.Regular
Local,Alquiler,Tarragona,100.18,"957,188.94",07/03/05,Luisa,2.Regular
Local,Alquiler,Tarragona,104.58,"719,844.85",16/05/05,Luisa,2.Regular
Local,Venta,Tarragona,102.13,"1,247,686.93",28/08/05,Luisa,2.Regular
Local,Alquiler,Tarragona,87.57,"675,706.21",05/02/06,Luisa,2.Regular
Local,Alquiler,Lleida,106.79,"961,195.26",12/08/05,Luisa,2.Regular
Local,Alquiler,Barcelona,112.73,"1,052,026.80",17/09/05,Luisa,2.Regular
Local,Venta,Lleida,108.39,"1,002,115.95",09/06/06,Luisa,2.Regular
Local,Alquiler,Tarragona,89.71,"774,266.83",18/05/06,Luisa,2.Regular
Local,Venta,Girona,114.81,"1,230,847.69",26/12/06,Luisa,2.Regular
Local,Alquiler,Lleida,86.99,"747,962.20",03/11/06,Luisa,2.Regular
Local,Venta,Tarragona,86.48,"753,038.17",29/01/07,Luisa,2.Regular
Local,Alquiler,Girona,81.94,"750,125.94",08/03/07,Luisa,2.Regular
Local,Venta,Tarragona,102.02,"977,356.92",14/04/07,Luisa,2.Regular
Casa,Alquiler,Girona,186.93,"2,044,534.82",12/04/04,Lucia,2.Regular
Casa,Venta,Lleida,171.81,"1,515,038.78",15/03/05,Lucia,2.Regular
Casa,Venta,Girona,154.56,"1,344,695.74",12/12/05,Lucia,2.Regular
Casa,Venta,Barcelona,153,"1,214,348.47",30/12/05,Lucia,2.Regular
Casa,Venta,Girona,175.09,"2,082,681.89",14/11/05,Lucia,2.Regular
Casa,Venta,Lleida,143.09,"1,652,795.01",27/12/05,Lucia,2.Regular
Casa,Alquiler,Girona,171.77,"1,913,086.31",23/10/05,Lucia,2.Regular
Casa,Alquiler,Girona,175.67,"2,094,244.06",25/05/06,Lucia,2.Regular
Casa,Venta,Girona,178.95,"1,828,248.49",02/07/06,Lucia,2.Regular
Casa,Venta,Lleida,170.89,"2,148,313.46",05/04/06,Lucia,2.Regular
Casa,Venta,Lleida,179.74,"1,551,170.45",14/12/06,Lucia,2.Regular
Casa,Venta,Girona,169.27,"1,586,220.37",13/04/07,Lucia,2.Regular
Casa,Venta,Girona,186.43,"2,019,635.50",13/01/07,Lucia,2.Regular
Local,Venta,Tarragona,87.72,"874,708.59",26/10/04,Lucia,2.Regular
Local,Alquiler,Barcelona,82.11,"808,343.40",10/12/04,Lucia,2.Regular
Local,Venta,Lleida,91.61,"889,909.25",07/04/05,Lucia,2.Regular
Local,Venta,Lleida,89.5,"895,333.79",03/08/05,Lucia,2.Regular
Local,Venta,Lleida,105.48,"977,865.35",04/09/05,Lucia,2.Regular
Local,Alquiler,Barcelona,114.92,"1,124,489.33",17/02/06,Lucia,2.Regular
Local,Venta,Tarragona,103.49,"1,177,649.04",17/12/05,Lucia,2.Regular
Local,Alquiler,Tarragona,116.24,"1,335,350.76",28/02/06,Lucia,2.Regular
Local,Alquiler,Girona,108.2,"1,066,300.83",01/09/06,Lucia,2.Regular
Local,Alquiler,Girona,73.07,"697,924.64",07/05/06,Lucia,2.Regular
Local,Alquiler,Girona,121.85,"1,291,349.49",21/02/06,Lucia,2.Regular
Local,Venta,Barcelona,85.84,"807,889.02",26/10/06,Lucia,2.Regular
Local,Venta,Tarragona,83.49,"923,256.37",16/11/06,Lucia,2.Regular
Local,Venta,Girona,127.61,"1,481,331.44",30/04/07,Lucia,2.Regular
Local,Alquiler,Girona,88.04,"976,352.38",17/10/06,Lucia,2.Regular
Local,Alquiler,Barcelona,92.38,"1,037,257.48",30/12/06,Lucia,2.Regular
Casa,Venta,Barcelona,178.21,"1,420,299.84",19/01/05,Pedro,2.Regular
Casa,Alquiler,Girona,157.67,"1,811,767.24",23/10/04,Pedro,2.Regular
Casa,Venta,Lleida,180.85,"1,920,160.12",27/09/04,Pedro,2.Regular
Casa,Alquiler,Barcelona,175.33,"1,627,159.11",01/02/05,Pedro,2.Regular
Casa,Venta,Girona,163.03,"1,338,587.81",28/12/04,Pedro,2.Regular
Casa,Alquiler,Barcelona,182.86,"1,535,627.95",13/12/04,Pedro,2.Regular
Casa,Venta,Lleida,166.02,"1,336,821.15",14/01/05,Pedro,2.Regular
Casa,Alquiler,Girona,169.03,"727,693.55",20/06/05,Pedro,2.Regular
Casa,Alquiler,Barcelona,175.37,"1,067,520.09",23/05/05,Pedro,2.Regular
Casa,Alquiler,Lleida,148.46,"1,171,275.75",14/05/05,Pedro,2.Regular
Casa,Venta,Girona,147.91,"1,650,142.59",29/08/05,Pedro,2.Regular
Casa,Alquiler,Lleida,183.18,"1,894,117.09",20/08/05,Pedro,2.Regular
Casa,Alquiler,Tarragona,150.6,"1,560,181.27",05/12/05,Pedro,2.Regular
Casa,Venta,Barcelona,163.2,"1,549,360.28",25/01/06,Pedro,2.Regular
Casa,Venta,Tarragona,179.7,"1,895,430.68",17/07/05,Pedro,2.Regular
Casa,Alquiler,Barcelona,181.29,"2,018,754.72",20/05/06,Pedro,2.Regular
Casa,Alquiler,Tarragona,163.19,"1,289,691.07",15/09/05,Pedro,2.Regular
Casa,Venta,Tarragona,162.97,"1,740,402.26",31/01/06,Pedro,2.Regular
Casa,Alquiler,Tarragona,171.09,"1,529,232.58",18/04/06,Pedro,2.Regular
Casa,Alquiler,Barcelona,148.51,"1,534,713.57",02/05/06,Pedro,2.Regular
Casa,Alquiler,Girona,163.98,"1,464,568.64",31/05/06,Pedro,2.Regular
Casa,Alquiler,Girona,187.16,"2,025,119.05",28/06/06,Pedro,2.Regular
Casa,Venta,Girona,184.21,"2,244,661.19",25/04/06,Pedro,2.Regular
Casa,Alquiler,Barcelona,163.29,"1,518,627.73",29/07/06,Pedro,2.Regular
Casa,Venta,Girona,194.24,"1,485,934.20",04/07/06,Pedro,2.Regular
Casa,Venta,Tarragona,159.86,"1,398,886.70",17/02/07,Pedro,2.Regular
Casa,Alquiler,Tarragona,182.69,"1,600,970.25",29/08/06,Pedro,2.Regular
Casa,Alquiler,Barcelona,182.38,"1,539,112.93",04/03/07,Pedro,2.Regular
Casa,Venta,Barcelona,162.3,"1,467,260.07",13/03/07,Pedro,2.Regular
Casa,Alquiler,Lleida,189.68,"1,703,970.84",13/03/07,Pedro,2.Regular
Local,Venta,Girona,103.94,"1,109,251.94",19/04/04,Pedro,2.Regular
Local,Alquiler,Tarragona,99.43,"1,061,967.30",22/06/04,Pedro,2.Regular
Local,Alquiler,Barcelona,79.7,"665,940.01",27/09/04,Pedro,2.Regular
Local,Alquiler,Lleida,96.74,"1,260,673.51",22/09/04,Pedro,2.Regular
Local,Venta,Lleida,109.1,"1,355,282.65",01/08/04,Pedro,2.Regular
Local,Alquiler,Barcelona,117.71,"982,522.45",04/03/05,Pedro,2.Regular
Local,Alquiler,Lleida,80.52,"769,334.10",21/12/04,Pedro,2.Regular
Local,Venta,Tarragona,82.77,"884,767.22",23/12/04,Pedro,2.Regular
Local,Venta,Girona,83.37,"967,391.14",16/06/05,Pedro,2.Regular
Local,Alquiler,Tarragona,118.73,"1,229,819.23",26/08/05,Pedro,2.Regular
Local,Alquiler,Barcelona,75.42,"820,812.49",08/11/05,Pedro,2.Regular
Local,Venta,Lleida,81.04,"853,866.36",28/05/05,Pedro,2.Regular
Local,Alquiler,Barcelona,87,"1,083,023.12",20/11/05,Pedro,2.Regular
Local,Venta,Girona,88.29,"852,177.69",02/12/05,Pedro,2.Regular
Local,Venta,Lleida,142.93,"1,090,128.55",18/10/05,Pedro,2.Regular
Local,Venta,Lleida,111.37,"1,243,920.24",24/01/06,Pedro,2.Regular
Local,Alquiler,Girona,81.25,"755,484.27",14/05/06,Pedro,2.Regular
Local,Alquiler,Tarragona,93.35,"721,828.88",14/12/05,Pedro,2.Regular
Local,Alquiler,Girona,95.7,"1,066,326.63",16/04/06,Pedro,2.Regular
Local,Venta,Girona,93.58,"926,833.08",16/08/06,Pedro,2.Regular
Local,Alquiler,Girona,146.06,"1,234,670.19",17/06/06,Pedro,2.Regular
Local,Venta,Barcelona,129.53,"1,317,891.08",20/04/06,Pedro,2.Regular
Local,Venta,Tarragona,110.31,"1,134,920.64",05/08/06,Pedro,2.Regular
Local,Venta,Barcelona,117.28,"1,260,605.27",03/12/06,Pedro,2.Regular
Local,Alquiler,Girona,120.66,"1,061,677.02",22/06/06,Pedro,2.Regular
Local,Venta,Barcelona,95.95,"879,976.88",12/09/06,Pedro,2.Regular
Local,Alquiler,Girona,58.62,"447,586.76",02/02/07,Pedro,2.Regular
Local,Venta,Lleida,106.72,"939,744.47",03/05/07,Pedro,2.Regular
Casa,Alquiler,Girona,168.79,"1,754,462.54",21/11/04,Carmen,3.Buena
Casa,Venta,Tarragona,176.78,"2,159,479.32",12/09/04,Carmen,3.Buena
Casa,Venta,Lleida,181.9,"1,879,404.80",08/02/05,Carmen,3.Buena
Casa,Venta,Girona,192.98,"1,713,901.63",18/10/04,Carmen,3.Buena
Casa,Venta,Girona,185.3,"1,937,807.35",25/09/05,Carmen,3.Buena
Casa,Alquiler,Tarragona,207.11,"1,985,581.85",19/05/05,Carmen,3.Buena
Casa,Venta,Barcelona,172.3,"1,581,233.62",12/03/05,Carmen,3.Buena
Casa,Alquiler,Barcelona,175.88,"1,796,190.60",29/08/05,Carmen,3.Buena
Casa,Alquiler,Barcelona,184.8,"1,740,904.74",04/06/05,Carmen,3.Buena
Casa,Venta,Girona,158.02,"1,395,163.34",16/10/05,Carmen,3.Buena
Casa,Alquiler,Lleida,168.81,"1,136,021.14",12/02/06,Carmen,3.Buena
Casa,Venta,Girona,150.4,"1,066,090.31",13/04/06,Carmen,3.Buena
Casa,Venta,Barcelona,166.77,"1,063,998.98",11/01/06,Carmen,3.Buena
Casa,Alquiler,Tarragona,163.89,"1,795,520.06",27/11/05,Carmen,3.Buena
Casa,Alquiler,Girona,180.16,"1,522,501.19",21/06/06,Carmen,3.Buena
Casa,Alquiler,Girona,181.99,"1,677,414.57",02/03/07,Carmen,3.Buena
Casa,Alquiler,Tarragona,176.4,"1,641,545.28",21/10/06,Carmen,3.Buena
Local,Venta,Lleida,98.88,"992,300.56",26/07/04,Carmen,3.Buena
Local,Alquiler,Lleida,87.2,"884,561.78",20/02/05,Carmen,3.Buena
Local,Venta,Tarragona,108.62,"1,199,415.15",28/03/05,Carmen,4.Muy buena
Local,Venta,Tarragona,79.03,"607,522.15",06/10/05,Carmen,4.Muy buena
Local,Venta,Tarragona,86.29,"850,916.94",01/10/06,Carmen,4.Muy buena
Local,Venta,Tarragona,78.15,"1,113,876.00",10/05/06,Carmen,4.Muy buena
Local,Venta,Barcelona,101.48,"1,187,754.43",15/12/06,Carmen,4.Muy buena
Local,Alquiler,Girona,116.17,"1,361,172.32",17/10/06,Carmen,4.Muy buena
Local,Venta,Lleida,98.45,"873,700.26",08/12/06,Carmen,4.Muy buena
Local,Venta,Lleida,63.41,"704,130.98",21/12/06,Carmen,4.Muy buena
Casa,Alquiler,Barcelona,183.45,"1,737,136.76",14/02/05,Joaquin,3.Buena
Casa,Venta,Barcelona,178.48,"1,695,116.27",22/05/05,Joaquin,3.Buena
Casa,Venta,Girona,167.5,"1,615,845.76",10/04/05,Joaquin,3.Buena
Casa,Alquiler,Barcelona,188.02,"2,186,215.35",23/05/05,Joaquin,3.Buena
Casa,Venta,Tarragona,194.49,"1,619,275.31",02/06/05,Joaquin,3.Buena
Casa,Alquiler,Lleida,177.6,"1,974,826.61",27/02/06,Joaquin,3.Buena
Casa,Venta,Girona,165.43,"1,448,673.59",01/01/06,Joaquin,3.Buena
Casa,Alquiler,Tarragona,170.63,"1,411,498.47",27/11/05,Joaquin,3.Buena
Casa,Alquiler,Tarragona,178.33,"1,517,095.42",08/04/06,Joaquin,3.Buena
Casa,Alquiler,Girona,167.81,"1,595,039.51",09/04/06,Joaquin,3.Buena
Casa,Alquiler,Barcelona,169.35,"1,975,121.68",21/10/06,Joaquin,3.Buena
Casa,Alquiler,Tarragona,175.57,"2,274,109.85",29/04/06,Joaquin,3.Buena
Casa,Venta,Barcelona,174.52,"1,392,635.23",22/11/06,Joaquin,3.Buena
Casa,Venta,Lleida,155.23,"1,847,918.43",12/07/06,Joaquin,3.Buena
Casa,Alquiler,Barcelona,188.3,"2,159,934.22",09/02/07,Joaquin,3.Buena
Casa,Alquiler,Lleida,154.15,"1,859,934.15",22/09/06,Joaquin,3.Buena
Casa,Venta,Lleida,170.25,"2,097,213.37",14/12/06,Joaquin,3.Buena
Casa,Alquiler,Lleida,150.21,"1,601,430.18",05/02/07,Joaquin,4.Muy buena
Casa,Venta,Barcelona,172.46,"1,546,528.11",26/03/07,Joaquin,4.Muy buena
Local,Alquiler,Tarragona,113.8,"1,122,209.64",22/09/04,Joaquin,4.Muy buena
Local,Alquiler,Tarragona,106.62,"1,000,650.48",25/08/04,Joaquin,4.Muy buena
Local,Alquiler,Tarragona,87.54,"1,123,555.96",29/08/04,Joaquin,4.Muy buena
Local,Alquiler,Girona,88.81,"1,108,144.74",05/10/04,Joaquin,4.Muy buena
Local,Alquiler,Tarragona,111.18,"879,500.72",03/10/04,Joaquin,4.Muy buena
Local,Venta,Barcelona,99.88,"998,129.60",23/01/05,Joaquin,4.Muy buena
Local,Venta,Girona,118.29,"973,927.11",21/05/05,Joaquin,4.Muy buena
Local,Venta,Lleida,103.4,"937,256.43",13/07/05,Joaquin,4.Muy buena
Local,Venta,Girona,83.26,"918,654.06",20/12/05,Joaquin,4.Muy buena
Local,Alquiler,Tarragona,102.68,"1,338,536.27",26/08/05,Joaquin,4.Muy buena
Local,Venta,Girona,111.2,"1,300,284.79",28/07/05,Joaquin,4.Muy buena
Local,Venta,Barcelona,128.36,"1,238,783.05",10/01/06,Joaquin,4.Muy buena
Local,Venta,Barcelona,102.04,"1,107,850.00",14/08/06,Joaquin,4.Muy buena
Local,Alquiler,Girona,103.82,"1,258,083.62",06/05/06,Joaquin,4.Muy buena
Local,Alquiler,Girona,76.3,"859,753.47",01/03/07,Joaquin,4.Muy buena
Casa,Alquiler,Tarragona,148.39,"1,725,722.03",08/10/04,Luisa,3.Buena
Casa,Venta,Tarragona,164.82,"1,924,714.67",04/01/05,Luisa,3.Buena
Casa,Alquiler,Girona,162.29,"1,822,895.96",15/06/05,Luisa,3.Buena
Casa,Venta,Girona,163.49,"1,353,234.58",03/12/04,Luisa,3.Buena
Casa,Venta,Lleida,149.12,"1,529,796.85",28/02/05,Luisa,3.Buena
Casa,Alquiler,Girona,166.96,"1,186,341.33",27/04/05,Luisa,3.Buena
Casa,Alquiler,Tarragona,162.14,"1,917,949.93",30/07/05,Luisa,3.Buena
Casa,Alquiler,Barcelona,188.93,"1,531,099.73",25/09/05,Luisa,3.Buena
Casa,Alquiler,Girona,157.14,"1,287,265.80",20/09/05,Luisa,3.Buena
Casa,Alquiler,Girona,179.02,"2,102,628.11",13/02/06,Luisa,3.Buena
Casa,Venta,Girona,180.8,"2,236,746.76",28/07/05,Luisa,3.Buena
Casa,Venta,Girona,158.83,"2,270,122.03",17/11/05,Luisa,3.Buena
Casa,Alquiler,Lleida,130.48,"1,331,964.21",07/04/06,Luisa,3.Buena
Casa,Alquiler,Tarragona,168.96,"1,849,429.74",15/02/06,Luisa,3.Buena
Casa,Alquiler,Barcelona,183.96,"1,715,667.99",19/02/06,Luisa,3.Buena
Casa,Venta,Lleida,196.99,"1,891,561.02",10/09/06,Luisa,3.Buena
Casa,Alquiler,Barcelona,159.94,"1,623,104.36",12/07/06,Luisa,3.Buena
Casa,Alquiler,Girona,160.43,"1,461,355.21",16/10/06,Luisa,3.Buena
Casa,Alquiler,Barcelona,186.55,"2,167,240.16",12/10/06,Luisa,3.Buena
Casa,Alquiler,Lleida,171.51,"2,021,545.12",01/03/07,Luisa,3.Buena
Casa,Venta,Barcelona,157.59,"1,657,059.60",31/10/06,Luisa,3.Buena
Casa,Venta,Girona,191.38,"1,836,280.82",28/01/07,Luisa,3.Buena
Casa,Alquiler,Barcelona,176.9,"1,657,720.70",25/04/07,Luisa,3.Buena
Local,Alquiler,Girona,112.32,"1,246,674.08",31/03/05,Luisa,3.Buena
Local,Venta,Lleida,94.98,"926,851.98",26/12/04,Luisa,3.Buena
Local,Venta,Lleida,123.23,"1,305,561.39",11/05/05,Luisa,3.Buena
Local,Alquiler,Girona,113.29,"841,029.10",14/03/05,Luisa,3.Buena
Local,Alquiler,Tarragona,58.19,"549,833.72",28/02/05,Luisa,3.Buena
Local,Venta,Tarragona,107.07,"854,518.75",05/03/05,Luisa,3.Buena
Local,Venta,Barcelona,97.07,"1,076,682.47",07/06/05,Luisa,3.Buena
Local,Alquiler,Barcelona,94.2,"875,498.46",03/12/05,Luisa,3.Buena
Local,Alquiler,Barcelona,133.2,"1,359,869.49",17/05/06,Luisa,3.Buena
Local,Alquiler,Girona,105.23,"1,043,910.04",15/02/06,Luisa,3.Buena
Local,Venta,Barcelona,98.54,"989,567.24",04/07/06,Luisa,3.Buena
Local,Venta,Tarragona,94.2,"1,014,479.10",17/04/06,Luisa,3.Buena
Local,Alquiler,Lleida,79.8,"713,853.80",22/11/06,Luisa,3.Buena
Local,Venta,Girona,80.69,"833,657.31",15/05/06,Luisa,3.Buena
Local,Venta,Lleida,98.17,"1,000,444.51",03/08/06,Luisa,3.Buena
Local,Alquiler,Tarragona,85.4,"949,568.06",18/11/06,Luisa,3.Buena
Local,Venta,Barcelona,84.26,"786,571.86",27/04/07,Luisa,3.Buena
Casa,Venta,Girona,169.5,"1,705,126.25",16/12/04,Lucia,3.Buena
Casa,Alquiler,Girona,192.05,"1,865,997.87",19/07/04,Lucia,3.Buena
Casa,Venta,Tarragona,161.99,"1,369,455.72",25/07/05,Lucia,3.Buena
Casa,Alquiler,Girona,185.42,"1,851,955.32",16/02/05,Lucia,3.Buena
Casa,Venta,Barcelona,173.84,"1,936,912.86",07/05/05,Lucia,3.Buena
Casa,Venta,Tarragona,192.99,"1,122,941.78",09/10/05,Lucia,3.Buena
Casa,Venta,Barcelona,145.68,"1,098,695.32",05/11/05,Lucia,3.Buena
Casa,Venta,Lleida,190.45,"1,925,925.72",05/10/05,Lucia,3.Buena
Casa,Alquiler,Tarragona,180.57,"1,332,123.85",21/12/05,Lucia,3.Buena
Casa,Alquiler,Barcelona,152.87,"1,634,059.79",25/02/06,Lucia,3.Buena
Casa,Venta,Girona,173.36,"1,450,942.23",23/02/06,Lucia,3.Buena
Casa,Venta,Barcelona,167.63,"1,599,599.80",09/06/06,Lucia,3.Buena
Casa,Venta,Girona,163.04,"1,715,717.06",09/02/06,Lucia,4.Muy buena
Casa,Venta,Tarragona,177.34,"1,640,790.16",04/10/06,Lucia,4.Muy buena
Casa,Alquiler,Tarragona,173.23,"2,076,200.45",26/11/06,Lucia,4.Muy buena
Casa,Alquiler,Barcelona,170.39,"1,306,783.92",08/06/06,Lucia,4.Muy buena
Casa,Venta,Girona,160.8,"1,398,742.84",16/12/06,Lucia,4.Muy buena
Local,Alquiler,Barcelona,109.37,"1,268,596.52",03/07/04,Lucia,4.Muy buena
Local,Alquiler,Lleida,103.46,"1,089,484.38",26/09/04,Lucia,4.Muy buena
Local,Alquiler,Girona,90.46,"921,453.70",02/10/04,Lucia,4.Muy buena
Local,Venta,Tarragona,105.07,"1,436,843.22",10/04/05,Lucia,4.Muy buena
Local,Alquiler,Barcelona,82.4,"913,854.68",17/04/05,Lucia,4.Muy buena
Local,Venta,Girona,93.47,"845,257.93",14/10/04,Lucia,4.Muy buena
Local,Alquiler,Tarragona,91.1,"1,153,527.26",19/02/05,Lucia,4.Muy buena
Local,Venta,Barcelona,77.46,"882,124.54",03/01/06,Lucia,4.Muy buena
Local,Alquiler,Girona,115.51,"1,197,052.69",05/09/05,Lucia,4.Muy buena
Local,Alquiler,Lleida,82.72,"697,701.97",03/03/06,Lucia,4.Muy buena
Local,Venta,Girona,80.01,"822,563.14",18/08/06,Lucia,4.Muy buena
Local,Venta,Girona,91.39,"843,367.43",24/05/06,Lucia,4.Muy buena
Local,Venta,Lleida,88.74,"693,089.90",01/09/06,Lucia,4.Muy buena
Local,Alquiler,Girona,114.71,"1,051,599.07",22/12/06,Lucia,4.Muy buena
Local,Alquiler,Lleida,84.39,"658,917.46",11/12/06,Lucia,4.Muy buena
Local,Venta,Lleida,107.56,"1,065,602.57",08/03/07,Lucia,4.Muy buena
Local,Venta,Barcelona,115.99,"1,202,424.60",08/03/07,Lucia,4.Muy buena
Casa,Alquiler,Barcelona,147.14,"1,699,230.23",05/02/05,Pedro,3.Buena
Casa,Alquiler,Tarragona,165.59,"1,443,931.23",18/03/05,Pedro,3.Buena
Casa,Alquiler,Girona,162.58,"1,754,287.30",13/12/04,Pedro,3.Buena
Casa,Alquiler,Tarragona,153.63,"2,140,644.27",24/04/05,Pedro,3.Buena
Casa,Alquiler,Lleida,175.68,"1,942,849.26",23/02/05,Pedro,3.Buena
Casa,Venta,Tarragona,172.96,"1,575,632.72",21/09/05,Pedro,3.Buena
Casa,Alquiler,Girona,172.55,"1,463,962.40",10/10/05,Pedro,3.Buena
Casa,Alquiler,Tarragona,149.69,"1,171,062.22",22/08/05,Pedro,3.Buena
Casa,Alquiler,Girona,153.82,"1,720,552.94",14/07/05,Pedro,3.Buena
Casa,Alquiler,Girona,167.68,"1,393,537.03",04/08/06,Pedro,3.Buena
Casa,Alquiler,Tarragona,185.89,"1,928,744.96",10/04/06,Pedro,3.Buena
Casa,Venta,Barcelona,169.36,"1,620,818.71",20/05/06,Pedro,3.Buena
Casa,Venta,Girona,184.07,"1,644,272.02",10/04/06,Pedro,3.Buena
Casa,Alquiler,Girona,161.94,"1,641,254.21",18/10/06,Pedro,3.Buena
Casa,Venta,Tarragona,158.08,"1,755,814.60",02/03/06,Pedro,3.Buena
Casa,Venta,Tarragona,165,"1,547,796.19",06/07/06,Pedro,3.Buena
Casa,Alquiler,Barcelona,153.54,"2,242,589.80",30/03/06,Pedro,3.Buena
Casa,Alquiler,Lleida,164.2,"1,779,759.65",12/12/06,Pedro,3.Buena
Casa,Alquiler,Girona,144.88,"1,427,678.48",07/12/06,Pedro,3.Buena
Casa,Venta,Barcelona,165.77,"1,771,654.64",30/08/06,Pedro,3.Buena
Casa,Alquiler,Girona,168.74,"2,350,584.93",26/07/06,Pedro,4.Muy buena
Casa,Alquiler,Tarragona,169.61,"1,369,313.81",22/10/06,Pedro,4.Muy buena
Casa,Venta,Lleida,186.33,"1,732,379.14",09/11/06,Pedro,4.Muy buena
Casa,Venta,Girona,174.87,"1,518,696.79",04/04/07,Pedro,4.Muy buena
Casa,Alquiler,Tarragona,166.29,"1,420,057.92",29/01/07,Pedro,4.Muy buena
Casa,Venta,Girona,182.89,"1,815,557.97",21/12/06,Pedro,4.Muy buena
Casa,Alquiler,Girona,158.12,"1,788,826.03",24/12/06,Pedro,4.Muy buena
Casa,Venta,Barcelona,156.61,"1,085,066.68",19/12/06,Pedro,4.Muy buena
Casa,Venta,Lleida,167.77,"1,650,609.32",23/03/07,Pedro,4.Muy buena
Casa,Venta,Barcelona,176.29,"1,273,283.15",03/04/07,Pedro,4.Muy buena
Local,Venta,Girona,95.63,"822,607.28",09/07/04,Pedro,4.Muy buena
Local,Venta,Girona,100.6,"748,965.60",11/01/05,Pedro,4.Muy buena
Local,Alquiler,Tarragona,108.44,"1,149,582.59",23/06/04,Pedro,4.Muy buena
Local,Alquiler,Girona,98.79,"1,152,603.29",14/09/04,Pedro,4.Muy buena
Local,Alquiler,Girona,101.65,"975,918.78",02/10/04,Pedro,4.Muy buena
Local,Venta,Girona,99.35,"1,127,812.19",08/04/05,Pedro,4.Muy buena
Local,Venta,Tarragona,88.18,"1,010,476.18",02/04/05,Pedro,4.Muy buena
Local,Venta,Lleida,96.4,"937,655.33",10/03/05,Pedro,4.Muy buena
Local,Venta,Barcelona,88.76,"803,400.28",22/11/04,Pedro,4.Muy buena
Local,Venta,Lleida,113.56,"1,161,032.60",12/03/05,Pedro,4.Muy buena
Local,Alquiler,Tarragona,105.93,"980,762.33",23/02/05,Pedro,4.Muy buena
Local,Venta,Lleida,90.07,"1,007,336.59",16/09/05,Pedro,4.Muy buena
Local,Venta,Girona,79.37,"926,432.47",30/11/05,Pedro,4.Muy buena
Local,Venta,Tarragona,103.73,"1,041,936.84",03/05/05,Pedro,4.Muy buena
Local,Venta,Lleida,90.73,"909,491.64",25/09/05,Pedro,4.Muy buena
Local,Venta,Lleida,112.38,"1,184,956.38",13/01/06,Pedro,4.Muy buena
Local,Alquiler,Tarragona,112.97,"1,225,496.35",06/08/05,Pedro,4.Muy buena
Local,Venta,Barcelona,128.39,"1,304,379.78",26/09/05,Pedro,4.Muy buena
Local,Alquiler,Barcelona,84.49,"828,122.34",13/04/06,Pedro,4.Muy buena
Local,Venta,Barcelona,103.34,"1,037,224.63",15/04/06,Pedro,4.Muy buena
Local,Alquiler,Lleida,132.24,"1,188,441.67",08/11/05,Pedro,4.Muy buena
Local,Venta,Tarragona,100.57,"1,184,738.09",08/08/06,Pedro,4.Muy buena
Local,Venta,Lleida,130.71,"1,561,282.79",14/03/06,Pedro,4.Muy buena
Local,Alquiler,Tarragona,93.81,"861,439.13",01/11/06,Pedro,4.Muy buena
Local,Venta,Lleida,125.2,"1,419,391.31",05/10/06,Pedro,4.Muy buena
Local,Alquiler,Lleida,100.11,"975,340.04",29/08/06,Pedro,4.Muy buena
Local,Venta,Barcelona,90.63,"779,324.14",18/06/06,Pedro,4.Muy buena
Local,Venta,Barcelona,109.63,"1,192,903.12",08/11/06,Pedro,4.Muy buena
Local,Venta,Barcelona,97.43,"859,346.28",01/05/07,Pedro,4.Muy buena
Local,Alquiler,Tarragona,123.18,"1,409,698.69",30/04/07,Pedro,4.Muy buena
Local,Venta,Girona,90.4,"852,102.87",24/04/07,Pedro,4.Muy buena
Local,Alquiler,Barcelona,110.24,"1,212,299.32",25/12/06,Pedro,4.Muy buena
Local,Alquiler,Barcelona,93.71,"729,633.62",28/02/07,Pedro,4.Muy buena
Local,Venta,Girona,134.36,"1,387,475.50",28/12/06,Pedro,4.Muy buena
Local,Alquiler,Tarragona,121,"1,160,253.93",17/03/07,Pedro,4.Muy buena
Local,Alquiler,Tarragona,91.83,"1,028,059.18",18/03/07,Pedro,4.Muy buena
Local,Venta,Girona,106.81,"1,019,395.41",25/04/07,Pedro,3.Buena
Casa,Venta,Girona,171.17,"1,855,881.76",27/12/04,Carmen,2.Regular
Casa,Alquiler,Lleida,146.57,"1,575,262.67",08/06/05,Carmen,2.Regular
Casa,Alquiler,Girona,165.72,"1,397,469.99",19/10/05,Carmen,2.Regular
Casa,Alquiler,Tarragona,161.42,"1,718,173.86",22/10/05,Carmen,2.Regular
Casa,Venta,Barcelona,166.68,"1,491,751.47",28/09/05,Carmen,2.Regular
Casa,Alquiler,Lleida,175.97,"2,022,183.01",14/02/06,Carmen,2.Regular
Casa,Alquiler,Barcelona,175.12,"1,422,814.05",29/12/05,Carmen,2.Regular
Casa,Alquiler,Girona,173.7,"1,606,186.09",01/03/06,Carmen,2.Regular
Casa,Venta,Tarragona,164.16,"1,144,229.57",18/05/06,Carmen,2.Regular
Casa,Venta,Barcelona,165.75,"1,867,220.15",24/09/06,Carmen,2.Regular
Casa,Alquiler,Tarragona,198.38,"2,029,702.29",08/12/06,Carmen,2.Regular
Casa,Alquiler,Barcelona,178.13,"1,911,546.16",31/03/07,Carmen,2.Regular
Casa,Venta,Girona,205.56,"2,034,271.62",18/03/07,Carmen,2.Regular
Local,Venta,Tarragona,116.3,"1,068,022.54",01/10/04,Carmen,2.Regular
Local,Venta,Girona,97.64,"1,049,475.71",09/07/04,Carmen,2.Regular
Local,Venta,Tarragona,92.81,"669,323.64",23/11/04,Carmen,2.Regular
Local,Alquiler,Girona,71.06,"667,134.13",26/01/05,Carmen,2.Regular
Local,Venta,Barcelona,101.13,"972,223.43",05/02/06,Carmen,2.Regular
Local,Alquiler,Girona,91.11,"1,027,999.23",01/10/05,Carmen,1.Mala
Local,Venta,Lleida,70.88,"794,584.44",30/10/05,Carmen,1.Mala
Local,Venta,Girona,112.98,"1,239,856.85",29/10/05,Carmen,1.Mala
Local,Venta,Barcelona,102.17,"951,465.66",21/11/05,Carmen,1.Mala
Local,Venta,Barcelona,69.7,"764,383.88",29/12/05,Carmen,1.Mala
Local,Alquiler,Barcelona,101.51,"1,031,315.46",29/06/06,Carmen,1.Mala
Local,Alquiler,Tarragona,102.31,"1,024,960.89",10/01/07,Carmen,1.Mala
Local,Venta,Tarragona,119.04,"1,496,608.89",24/04/06,Carmen,1.Mala
Local,Alquiler,Tarragona,80.73,"890,328.50",22/09/06,Carmen,1.Mala
Local,Alquiler,Lleida,105.15,"939,445.96",29/08/06,Carmen,1.Mala
Local,Alquiler,Barcelona,113.13,"927,972.58",27/08/06,Carmen,1.Mala
Casa,Venta,Barcelona,162.56,"1,215,108.18",07/07/04,Joaquin,2.Regular
Casa,Alquiler,Lleida,175.56,"1,539,955.98",07/04/05,Joaquin,2.Regular
Casa,Alquiler,Lleida,191.18,"1,468,054.53",04/02/05,Joaquin,2.Regular
Casa,Alquiler,Girona,171.9,"1,920,610.42",06/05/05,Joaquin,2.Regular
Casa,Alquiler,Girona,201.68,"2,485,377.75",22/03/05,Joaquin,2.Regular
Casa,Alquiler,Barcelona,161.38,"2,319,795.91",14/07/05,Joaquin,2.Regular
Casa,Venta,Barcelona,163.95,"1,245,164.16",22/12/05,Joaquin,2.Regular
Casa,Alquiler,Barcelona,177.07,"2,000,420.23",11/01/06,Joaquin,2.Regular
Casa,Venta,Barcelona,186.18,"1,915,354.12",22/01/06,Joaquin,2.Regular
Casa,Venta,Girona,154.09,"1,438,478.01",08/01/06,Joaquin,2.Regular
Casa,Alquiler,Barcelona,179.17,"1,676,743.98",28/02/06,Joaquin,2.Regular
Casa,Alquiler,Girona,160.35,"2,007,579.91",04/04/06,Joaquin,2.Regular
Casa,Venta,Barcelona,177.99,"1,579,447.56",18/01/07,Joaquin,2.Regular
Casa,Alquiler,Girona,168.05,"1,937,054.96",22/09/06,Joaquin,2.Regular
Casa,Venta,Lleida,177.28,"1,560,739.21",01/05/07,Joaquin,2.Regular
Casa,Alquiler,Girona,162.3,"1,655,829.98",24/04/07,Joaquin,2.Regular
Local,Venta,Barcelona,105.41,"1,207,977.20",23/05/04,Joaquin,2.Regular
Local,Alquiler,Tarragona,107.9,"1,152,417.78",15/12/04,Joaquin,2.Regular
Local,Alquiler,Lleida,78.9,"807,494.48",22/03/05,Joaquin,1.Mala
Local,Alquiler,Barcelona,116.28,"1,240,473.19",28/10/05,Joaquin,1.Mala
Local,Alquiler,Girona,111.21,"931,580.24",11/11/05,Joaquin,1.Mala
Local,Venta,Tarragona,98.49,"1,189,086.89",23/10/05,Joaquin,1.Mala
Local,Alquiler,Tarragona,73.77,"648,030.39",17/12/05,Joaquin,1.Mala
Local,Venta,Barcelona,74.72,"735,488.17",14/09/05,Joaquin,1.Mala
Local,Alquiler,Tarragona,81.02,"774,703.56",03/12/05,Joaquin,1.Mala
Local,Alquiler,Lleida,95.29,"1,214,692.53",11/04/06,Joaquin,1.Mala
Local,Venta,Tarragona,99.63,"950,258.31",17/01/07,Joaquin,1.Mala
Local,Venta,Barcelona,138.23,"1,506,373.78",05/11/06,Joaquin,1.Mala
Local,Venta,Girona,108.33,"1,078,146.62",17/04/07,Joaquin,1.Mala
Local,Alquiler,Barcelona,111.85,"1,073,713.74",13/04/07,Joaquin,1.Mala
Casa,Alquiler,Girona,143.55,"1,427,270.20",21/04/04,Luisa,2.Regular
Casa,Alquiler,Tarragona,142.47,"978,357.68",07/07/04,Luisa,2.Regular
Casa,Alquiler,Lleida,185.73,"1,543,263.79",19/01/05,Luisa,2.Regular
Casa,Venta,Tarragona,168.05,"1,757,533.66",10/10/04,Luisa,2.Regular
Casa,Alquiler,Girona,195.05,"1,626,099.09",07/02/05,Luisa,2.Regular
Casa,Alquiler,Girona,176.49,"1,566,458.60",23/06/05,Luisa,2.Regular
Casa,Venta,Barcelona,155.16,"1,353,059.74",21/06/05,Luisa,2.Regular
Casa,Venta,Tarragona,149.19,"1,512,910.53",14/12/04,Luisa,2.Regular
Casa,Venta,Tarragona,156.87,"1,850,862.38",09/07/05,Luisa,2.Regular
Casa,Alquiler,Barcelona,141.01,"1,597,452.79",05/10/05,Luisa,2.Regular
Casa,Alquiler,Lleida,161.32,"1,335,237.36",07/06/05,Luisa,2.Regular
Casa,Alquiler,Tarragona,161.49,"1,777,767.72",07/11/05,Luisa,2.Regular
Casa,Venta,Girona,158.18,"1,181,917.42",26/11/05,Luisa,2.Regular
Casa,Venta,Girona,200.66,"2,672,871.75",20/09/06,Luisa,2.Regular
Casa,Alquiler,Barcelona,181.47,"1,515,069.71",19/01/07,Luisa,2.Regular
Casa,Alquiler,Barcelona,158.29,"1,642,637.11",26/01/07,Luisa,2.Regular
Local,Alquiler,Girona,123.02,"870,230.17",16/07/04,Luisa,2.Regular
Local,Venta,Lleida,95.31,"810,788.92",31/03/05,Luisa,2.Regular
Local,Alquiler,Lleida,117.99,"879,810.98",03/08/05,Luisa,1.Mala
Local,Alquiler,Girona,84.02,"510,281.13",20/01/05,Luisa,1.Mala
Local,Venta,Tarragona,96.29,"1,084,513.12",01/09/05,Luisa,1.Mala
Local,Venta,Girona,81.92,"810,153.69",30/07/05,Luisa,1.Mala
Local,Venta,Barcelona,123.71,"1,162,861.71",25/06/05,Luisa,1.Mala
Local,Venta,Barcelona,110.09,"1,440,289.01",01/10/05,Luisa,1.Mala
Local,Venta,Girona,51.7,"499,363.20",26/12/05,Luisa,1.Mala
Local,Venta,Lleida,119.97,"879,178.08",06/02/06,Luisa,1.Mala
Local,Venta,Girona,95.42,"1,174,168.11",21/07/06,Luisa,1.Mala
Local,Venta,Girona,89.31,"865,570.61",08/07/06,Luisa,1.Mala
Local,Alquiler,Girona,125.71,"1,392,105.62",12/09/06,Luisa,1.Mala
Local,Venta,Lleida,86.36,"918,715.77",25/05/06,Luisa,1.Mala
Local,Alquiler,Girona,92.17,"805,033.88",27/10/06,Luisa,1.Mala
Local,Alquiler,Lleida,92.97,"992,439.18",08/11/06,Luisa,1.Mala
Local,Alquiler,Tarragona,99.2,"1,333,983.31",20/03/07,Luisa,1.Mala
Local,Alquiler,Lleida,105.96,"1,049,166.38",03/12/06,Luisa,1.Mala
Casa,Venta,Barcelona,205.21,"1,962,512.99",01/11/04,Lucia,2.Regular
Casa,Venta,Tarragona,188.05,"1,819,158.32",23/07/04,Lucia,2.Regular
Casa,Venta,Girona,164.73,"1,292,367.91",26/09/04,Lucia,2.Regular
Casa,Venta,Lleida,156.27,"1,506,441.80",02/05/05,Lucia,2.Regular
Casa,Alquiler,Lleida,150.74,"1,451,493.63",11/10/05,Lucia,2.Regular
Casa,Alquiler,Barcelona,161.23,"1,168,753.92",16/01/06,Lucia,2.Regular
Casa,Alquiler,Girona,162,"1,820,525.37",08/06/05,Lucia,2.Regular
Casa,Alquiler,Tarragona,176.97,"2,018,332.98",06/01/06,Lucia,2.Regular
Casa,Venta,Barcelona,192.12,"1,718,757.33",26/08/05,Lucia,2.Regular
Casa,Alquiler,Girona,163.39,"1,845,954.24",06/05/06,Lucia,2.Regular
Casa,Venta,Girona,166.6,"1,572,534.52",27/11/05,Lucia,2.Regular
Casa,Venta,Lleida,186.67,"2,202,287.98",06/10/06,Lucia,2.Regular
Casa,Alquiler,Lleida,144.13,"1,620,917.41",09/11/06,Lucia,2.Regular
Casa,Venta,Barcelona,186.74,"1,459,309.90",28/08/06,Lucia,2.Regular
Casa,Alquiler,Girona,159.81,"1,433,623.89",11/09/06,Lucia,2.Regular
Casa,Alquiler,Girona,195.17,"2,026,349.74",07/05/06,Lucia,2.Regular
Casa,Venta,Tarragona,179.95,"1,451,989.05",05/02/07,Lucia,2.Regular
Casa,Venta,Girona,155.93,"1,828,808.22",23/01/07,Lucia,2.Regular
Casa,Venta,Barcelona,169.77,"1,624,965.73",26/10/06,Lucia,2.Regular
Casa,Venta,Tarragona,173.88,"2,218,872.15",01/11/06,Lucia,1.Mala
Casa,Venta,Barcelona,174.74,"1,879,452.46",28/01/07,Lucia,1.Mala
Local,Venta,Barcelona,109.28,"1,134,986.78",30/05/04,Lucia,1.Mala
Local,Alquiler,Tarragona,102.11,"997,852.63",22/12/04,Lucia,1.Mala
Local,Alquiler,Tarragona,83.98,"970,030.92",28/01/05,Lucia,1.Mala
Local,Alquiler,Tarragona,97.77,"770,811.93",16/10/04,Lucia,1.Mala
Local,Venta,Lleida,60.87,"701,101.63",12/06/05,Lucia,1.Mala
Local,Venta,Tarragona,96.47,"894,249.84",30/07/05,Lucia,1.Mala
Local,Venta,Lleida,95.87,"918,519.55",08/09/05,Lucia,1.Mala
Local,Alquiler,Tarragona,97.03,"735,255.58",14/03/05,Lucia,1.Mala
Local,Alquiler,Barcelona,72.49,"759,264.15",14/01/06,Lucia,1.Mala
Local,Venta,Girona,78.23,"802,156.66",18/01/06,Lucia,1.Mala
Local,Alquiler,Girona,114.05,"1,120,358.45",09/10/05,Lucia,1.Mala
Local,Alquiler,Barcelona,120.6,"1,320,962.01",21/04/06,Lucia,1.Mala
Local,Venta,Barcelona,109.56,"1,377,423.30",14/03/06,Lucia,1.Mala
Local,Venta,Barcelona,89.75,"845,010.58",24/01/06,Lucia,1.Mala
Local,Alquiler,Girona,103.26,"1,205,925.29",23/04/06,Lucia,1.Mala
Local,Venta,Lleida,93,"1,004,653.28",19/08/06,Lucia,1.Mala
Local,Alquiler,Barcelona,92.52,"1,074,356.00",17/04/06,Lucia,1.Mala
Local,Venta,Barcelona,99.66,"1,242,327.96",01/05/06,Lucia,1.Mala
Local,Alquiler,Barcelona,86.3,"691,150.61",19/04/06,Lucia,1.Mala
Local,Venta,Lleida,115.27,"1,272,375.49",21/10/06,Lucia,1.Mala
Local,Alquiler,Barcelona,95.72,"1,155,730.06",04/01/07,Lucia,1.Mala
Local,Venta,Girona,103.77,"1,124,676.89",26/01/07,Lucia,1.Mala
Local,Venta,Girona,99.27,"902,859.40",15/01/07,Lucia,1.Mala
Local,Alquiler,Girona,72.23,"623,576.77",04/05/07,Lucia,1.Mala
Casa,Alquiler,Barcelona,156.82,"1,713,658.64",27/08/04,Pedro,2.Regular
Casa,Alquiler,Tarragona,158.91,"1,569,942.12",11/09/04,Pedro,2.Regular
Casa,Alquiler,Barcelona,180.71,"1,965,942.84",16/02/05,Pedro,2.Regular
Casa,Venta,Tarragona,168.62,"1,525,344.43",02/11/04,Pedro,2.Regular
Casa,Venta,Girona,157.52,"1,585,551.24",01/06/05,Pedro,2.Regular
Casa,Venta,Lleida,163.35,"1,597,106.26",02/02/05,Pedro,2.Regular
Casa,Alquiler,Lleida,169.28,"1,720,720.51",30/04/05,Pedro,2.Regular
Casa,Venta,Tarragona,177.19,"1,970,052.77",16/11/04,Pedro,2.Regular
Casa,Alquiler,Barcelona,158.26,"1,797,208.44",28/01/05,Pedro,2.Regular
Casa,Alquiler,Tarragona,179.71,"1,672,760.32",19/05/05,Pedro,2.Regular
Casa,Venta,Tarragona,189.81,"1,594,800.81",01/10/05,Pedro,2.Regular
Casa,Alquiler,Barcelona,173.68,"1,685,277.35",02/04/05,Pedro,2.Regular
Casa,Alquiler,Tarragona,158.48,"1,568,775.96",12/07/05,Pedro,2.Regular
Casa,Alquiler,Lleida,167.78,"1,742,968.56",28/10/05,Pedro,2.Regular
Casa,Venta,Barcelona,170.41,"1,767,704.92",07/11/05,Pedro,2.Regular
Casa,Venta,Girona,162.41,"1,621,276.69",11/09/05,Pedro,2.Regular
Casa,Venta,Barcelona,169.69,"2,178,629.30",04/03/06,Pedro,2.Regular
Casa,Venta,Barcelona,204.99,"2,459,292.58",13/04/06,Pedro,2.Regular
Casa,Alquiler,Barcelona,154.25,"1,303,238.26",16/04/06,Pedro,2.Regular
Casa,Venta,Tarragona,157.04,"1,409,389.91",10/01/06,Pedro,2.Regular
Casa,Alquiler,Girona,175.76,"1,767,615.88",28/02/06,Pedro,2.Regular
Casa,Venta,Lleida,153.58,"1,403,265.58",20/06/06,Pedro,2.Regular
Casa,Venta,Girona,185.09,"1,352,510.68",08/02/06,Pedro,2.Regular
Casa,Alquiler,Tarragona,159.28,"1,642,718.98",23/09/06,Pedro,2.Regular
Casa,Venta,Tarragona,164.74,"1,505,480.13",02/04/06,Pedro,2.Regular
Casa,Venta,Barcelona,193.66,"1,771,492.73",04/09/06,Pedro,2.Regular
Casa,Alquiler,Tarragona,165.92,"1,653,021.07",17/07/06,Pedro,2.Regular
Casa,Venta,Girona,166.66,"1,668,407.26",26/09/06,Pedro,2.Regular
Casa,Venta,Tarragona,162.96,"1,398,816.73",19/09/06,Pedro,2.Regular
Casa,Alquiler,Tarragona,159.58,"1,092,396.82",10/01/07,Pedro,2.Regular
Casa,Alquiler,Barcelona,157.75,"1,564,813.96",10/03/07,Pedro,2.Regular
Casa,Venta,Tarragona,199.33,"1,263,917.64",09/04/07,Pedro,2.Regular
Casa,Alquiler,Tarragona,161.61,"2,171,432.83",10/03/07,Pedro,2.Regular
Local,Alquiler,Tarragona,95.49,"1,007,556.06",23/12/04,Pedro,1.Mala
Local,Alquiler,Girona,114.91,"870,353.71",30/07/04,Pedro,1.Mala
Local,Alquiler,Barcelona,105.76,"979,215.79",18/02/05,Pedro,1.Mala
Local,Venta,Girona,96.72,"1,077,055.21",08/04/05,Pedro,1.Mala
Local,Alquiler,Girona,78.45,"867,407.29",20/11/04,Pedro,1.Mala
Local,Venta,Tarragona,74.31,"693,480.99",20/01/05,Pedro,1.Mala
Local,Alquiler,Girona,101.4,"1,191,170.76",25/11/04,Pedro,1.Mala
Local,Alquiler,Tarragona,102.59,"840,084.25",26/10/04,Pedro,1.Mala
Local,Venta,Tarragona,101.41,"693,769.53",23/03/05,Pedro,1.Mala
Local,Alquiler,Tarragona,109.15,"775,166.39",08/03/05,Pedro,1.Mala
Local,Alquiler,Girona,124.49,"1,277,934.08",17/01/05,Pedro,1.Mala
Local,Alquiler,Girona,111.42,"1,116,648.40",20/04/05,Pedro,1.Mala
Local,Venta,Lleida,93.08,"862,801.53",02/05/05,Pedro,1.Mala
Local,Venta,Barcelona,98.99,"839,612.69",14/06/05,Pedro,1.Mala
Local,Alquiler,Lleida,88.89,"1,182,073.82",03/10/05,Pedro,1.Mala
Local,Venta,Barcelona,90.82,"905,901.96",16/09/05,Pedro,1.Mala
Local,Alquiler,Lleida,75.95,"901,960.18",30/10/05,Pedro,1.Mala
Local,Alquiler,Barcelona,94.16,"1,018,146.10",22/10/05,Pedro,1.Mala
Local,Venta,Girona,103.6,"792,132.70",03/08/05,Pedro,1.Mala
Local,Venta,Lleida,111.85,"1,222,075.93",26/07/05,Pedro,1.Mala
Local,Venta,Girona,102.88,"1,093,027.39",09/04/06,Pedro,1.Mala
Local,Venta,Girona,91.35,"811,923.11",18/12/05,Pedro,1.Mala
Local,Alquiler,Barcelona,92.47,"693,951.94",09/12/05,Pedro,1.Mala
Local,Alquiler,Barcelona,83.11,"720,322.80",22/05/06,Pedro,1.Mala
Local,Venta,Girona,119.34,"1,170,516.84",14/05/06,Pedro,1.Mala
Local,Alquiler,Barcelona,96.02,"732,345.51",14/05/06,Pedro,1.Mala
Local,Venta,Barcelona,84.51,"1,007,175.32",02/10/06,Pedro,1.Mala
Local,Alquiler,Lleida,116.63,"969,528.34",18/04/06,Pedro,1.Mala
Local,Venta,Girona,91.47,"1,014,240.27",13/04/06,Pedro,1.Mala
Local,Alquiler,Barcelona,76.69,"818,477.66",04/07/06,Pedro,1.Mala
Local,Alquiler,Lleida,112.65,"1,321,228.37",21/05/06,Pedro,1.Mala
Local,Alquiler,Girona,109.51,"938,455.30",26/06/06,Pedro,1.Mala
Local,Venta,Girona,96.87,"1,038,567.57",12/01/07,Pedro,1.Mala
Local,Venta,Barcelona,117.87,"1,067,825.78",17/01/07,Pedro,1.Mala
Local,Venta,Tarragona,88.44,"723,262.64",08/12/06,Pedro,1.Mala
Local,Venta,Barcelona,98.78,"1,016,849.17",27/08/06,Pedro,1.Mala
Local,Alquiler,Lleida,148.3,"1,338,305.85",05/01/07,Pedro,1.Mala
Local,Venta,Tarragona,106.17,"988,526.40",27/12/06,Pedro,1.Mala
Local,Alquiler,Tarragona,69.28,"887,373.61",10/02/07,Pedro,1.Mala
Local,Alquiler,Girona,106.61,"977,642.27",28/12/06,Pedro,1.Mala
Local,Venta,Tarragona,111.97,"1,009,019.67",06/12/06,Pedro,1.Mala
Local,Venta,Lleida,89.83,"705,096.46",11/02/07,Pedro,1.Mala
Casa,Venta,Girona,163.69,"1,598,207.15",01/11/04,Carmen,3.Buena
Casa,Venta,Lleida,178.47,"1,636,163.64",01/02/05,Carmen,3.Buena
Casa,Alquiler,Lleida,182.48,"1,764,910.54",22/03/05,Carmen,3.Buena
Casa,Venta,Lleida,191.31,"1,667,733.82",21/01/05,Carmen,3.Buena
Casa,Venta,Lleida,163.8,"1,217,143.48",03/03/05,Carmen,3.Buena
Casa,Venta,Tarragona,159.38,"1,428,282.20",18/07/05,Carmen,3.Buena
Casa,Alquiler,Lleida,169.12,"1,407,144.85",10/06/05,Carmen,3.Buena
Casa,Venta,Barcelona,167.24,"2,100,110.07",23/09/05,Carmen,3.Buena
Casa,Alquiler,Barcelona,181.22,"1,403,809.10",03/08/05,Carmen,3.Buena
Casa,Venta,Barcelona,147.61,"1,337,827.85",19/01/07,Carmen,3.Buena
Casa,Alquiler,Tarragona,198.29,"1,624,736.73",13/01/07,Carmen,3.Buena
Local,Venta,Lleida,103.32,"885,465.59",04/09/04,Carmen,3.Buena
Local,Venta,Lleida,109.86,"1,376,904.06",27/03/05,Carmen,3.Buena
Local,Venta,Girona,139.34,"1,888,338.81",27/06/05,Carmen,3.Buena
Local,Venta,Barcelona,84.02,"613,816.06",26/06/05,Carmen,3.Buena
Local,Venta,Girona,116.66,"1,281,683.55",05/01/05,Carmen,3.Buena
Local,Venta,Lleida,83.2,"745,571.66",25/07/05,Carmen,3.Buena
Local,Alquiler,Tarragona,87.92,"820,270.23",29/10/05,Carmen,3.Buena
Local,Alquiler,Tarragona,103.88,"839,279.17",26/05/05,Carmen,3.Buena
Local,Alquiler,Barcelona,102.08,"1,104,967.41",28/06/05,Carmen,3.Buena
Local,Alquiler,Barcelona,99.49,"1,063,926.74",16/12/05,Carmen,3.Buena
Local,Alquiler,Girona,85.07,"763,935.03",12/11/05,Carmen,3.Buena
Local,Venta,Barcelona,103.76,"1,319,044.25",17/01/06,Carmen,3.Buena
Local,Venta,Barcelona,78.1,"539,858.94",22/07/06,Carmen,3.Buena
Local,Alquiler,Lleida,117.98,"1,611,508.88",15/10/06,Carmen,3.Buena
Local,Alquiler,Lleida,119.85,"758,038.74",26/05/06,Carmen,3.Buena
Local,Alquiler,Tarragona,76.5,"786,361.59",06/06/06,Carmen,3.Buena
Local,Venta,Lleida,70.55,"473,803.93",17/04/07,Carmen,3.Buena
Casa,Venta,Girona,180.3,"1,685,275.25",30/06/05,Joaquin,3.Buena
Casa,Venta,Girona,161.81,"1,620,968.62",27/12/04,Joaquin,3.Buena
Casa,Alquiler,Tarragona,179.74,"1,838,425.90",13/06/05,Joaquin,3.Buena
Casa,Alquiler,Girona,165.02,"1,450,794.41",06/11/05,Joaquin,3.Buena
Casa,Venta,Lleida,172.57,"1,847,660.14",25/11/05,Joaquin,3.Buena
Casa,Venta,Lleida,168.65,"1,746,159.88",15/01/06,Joaquin,3.Buena
Casa,Venta,Girona,142.03,"1,413,119.62",02/11/05,Joaquin,3.Buena
Casa,Alquiler,Girona,159.36,"1,292,880.21",30/11/05,Joaquin,3.Buena
Casa,Venta,Tarragona,161.97,"1,652,707.39",04/04/06,Joaquin,3.Buena
Casa,Venta,Tarragona,187.79,"2,056,489.48",07/11/06,Joaquin,3.Buena
Casa,Alquiler,Barcelona,172.67,"2,089,261.94",28/04/07,Joaquin,3.Buena
Local,Alquiler,Barcelona,116.78,"1,323,436.38",03/06/04,Joaquin,3.Buena
Local,Alquiler,Tarragona,102.28,"722,088.82",05/06/05,Joaquin,3.Buena
Local,Alquiler,Barcelona,89.46,"775,252.10",27/11/05,Joaquin,3.Buena
Local,Venta,Barcelona,81.13,"806,136.32",21/12/05,Joaquin,3.Buena
Local,Venta,Lleida,119.21,"1,113,781.65",20/10/05,Joaquin,3.Buena
Local,Alquiler,Barcelona,97.77,"862,299.27",21/01/06,Joaquin,3.Buena
Local,Venta,Lleida,89.33,"1,027,865.14",08/06/06,Joaquin,3.Buena
Local,Venta,Lleida,106.87,"1,028,621.26",01/07/06,Joaquin,3.Buena
Local,Venta,Tarragona,114.21,"1,080,017.67",02/02/07,Joaquin,3.Buena
Local,Alquiler,Tarragona,87.51,"710,670.99",14/01/07,Joaquin,3.Buena
Local,Alquiler,Barcelona,74.45,"583,171.70",31/03/07,Joaquin,3.Buena
Casa,Alquiler,Lleida,192.76,"2,081,643.98",10/10/04,Luisa,3.Buena
Casa,Alquiler,Barcelona,206.96,"2,046,388.54",27/12/04,Luisa,3.Buena
Casa,Venta,Tarragona,186.02,"1,879,393.74",30/01/05,Luisa,3.Buena
Casa,Venta,Tarragona,164.65,"1,808,784.39",28/12/04,Luisa,3.Buena
Casa,Alquiler,Lleida,164.14,"1,664,307.70",27/04/05,Luisa,3.Buena
Casa,Venta,Barcelona,152.26,"1,661,993.28",08/08/05,Luisa,3.Buena
Casa,Alquiler,Tarragona,194.9,"1,891,889.32",31/01/06,Luisa,3.Buena
Casa,Alquiler,Lleida,165.93,"1,609,202.35",21/07/05,Luisa,3.Buena
Casa,Alquiler,Girona,176.06,"1,994,790.95",25/10/05,Luisa,3.Buena
Casa,Alquiler,Barcelona,152.67,"1,576,411.21",26/07/06,Luisa,3.Buena
Casa,Alquiler,Barcelona,170.64,"1,652,920.76",26/07/06,Luisa,3.Buena
Casa,Alquiler,Tarragona,172.22,"1,489,284.90",22/10/06,Luisa,3.Buena
Casa,Venta,Barcelona,157,"1,663,532.89",24/12/06,Luisa,3.Buena
Local,Alquiler,Barcelona,100.66,"993,015.68",13/02/05,Luisa,3.Buena
Local,Venta,Barcelona,87.17,"1,059,912.67",19/03/05,Luisa,3.Buena
Local,Venta,Barcelona,91.77,"853,630.69",05/08/05,Luisa,3.Buena
Local,Venta,Lleida,89.61,"777,450.22",13/08/05,Luisa,3.Buena
Local,Venta,Lleida,125.57,"1,150,451.01",31/08/05,Luisa,3.Buena
Local,Venta,Girona,63.8,"596,672.31",17/10/05,Luisa,3.Buena
Local,Venta,Girona,91.37,"784,939.47",11/08/06,Luisa,3.Buena
Local,Alquiler,Barcelona,95.05,"637,009.48",02/06/06,Luisa,3.Buena
Local,Venta,Barcelona,111.07,"874,071.88",22/01/06,Luisa,3.Buena
Local,Alquiler,Tarragona,103.13,"858,458.13",19/06/06,Luisa,3.Buena
Local,Venta,Barcelona,86.85,"709,611.50",14/01/07,Luisa,3.Buena
Local,Alquiler,Girona,84.54,"847,694.26",10/04/07,Luisa,3.Buena
Local,Venta,Tarragona,98.39,"1,180,042.35",31/03/07,Luisa,3.Buena
Local,Venta,Barcelona,100.62,"999,275.76",28/12/06,Luisa,3.Buena
Local,Venta,Girona,89.67,"968,834.50",17/04/07,Luisa,3.Buena
Casa,Alquiler,Tarragona,185.3,"1,917,042.21",12/07/04,Lucia,3.Buena
Casa,Venta,Girona,213.91,"2,518,030.41",11/12/04,Lucia,3.Buena
Casa,Venta,Tarragona,185.54,"1,558,961.22",27/01/05,Lucia,3.Buena
Casa,Alquiler,Barcelona,166.23,"1,617,996.09",22/01/05,Lucia,3.Buena
Casa,Alquiler,Tarragona,162.8,"1,768,402.97",04/05/05,Lucia,3.Buena
Casa,Venta,Tarragona,176.53,"1,603,296.91",30/10/05,Lucia,3.Buena
Casa,Venta,Tarragona,173.04,"1,569,944.28",04/09/05,Lucia,3.Buena
Casa,Venta,Lleida,169.34,"1,909,024.37",15/09/05,Lucia,3.Buena
Casa,Venta,Girona,139.77,"1,154,935.14",24/01/06,Lucia,3.Buena
Casa,Venta,Barcelona,177.09,"1,416,931.52",30/03/06,Lucia,3.Buena
Casa,Venta,Barcelona,181.51,"1,566,319.40",12/06/06,Lucia,3.Buena
Casa,Alquiler,Lleida,162.4,"1,208,107.53",26/11/06,Lucia,3.Buena
Casa,Venta,Lleida,165.56,"2,288,615.24",02/04/07,Lucia,3.Buena
Casa,Alquiler,Tarragona,158.09,"1,556,339.16",18/02/07,Lucia,3.Buena
Local,Alquiler,Girona,91.68,"980,736.12",21/12/04,Lucia,3.Buena
Local,Venta,Girona,115.48,"952,870.86",09/10/04,Lucia,3.Buena
Local,Alquiler,Girona,97.33,"719,109.39",15/01/05,Lucia,3.Buena
Local,Venta,Girona,143.75,"1,585,176.07",09/12/04,Lucia,3.Buena
Local,Alquiler,Tarragona,111.56,"1,216,547.80",14/04/05,Lucia,3.Buena
Local,Venta,Tarragona,99.83,"1,110,016.15",15/08/05,Lucia,3.Buena
Local,Venta,Barcelona,93.26,"981,174.52",12/02/06,Lucia,3.Buena
Local,Alquiler,Barcelona,101.35,"1,162,537.54",18/04/06,Lucia,3.Buena
Local,Alquiler,Barcelona,72.67,"667,652.78",19/08/06,Lucia,3.Buena
Local,Venta,Tarragona,139.3,"1,480,400.09",28/10/06,Lucia,3.Buena
Local,Alquiler,Girona,107.31,"1,073,808.01",20/09/06,Lucia,3.Buena
Local,Alquiler,Tarragona,93.71,"863,349.38",08/09/06,Lucia,3.Buena
Local,Venta,Tarragona,68.45,"639,849.45",12/10/06,Lucia,3.Buena
Local,Alquiler,Girona,74.39,"732,497.29",04/10/06,Lucia,3.Buena
Casa,Alquiler,Lleida,164.48,"1,733,805.07",19/12/04,Pedro,3.Buena
Casa,Venta,Girona,174.77,"1,895,243.18",01/07/04,Pedro,3.Buena
Casa,Venta,Barcelona,171.4,"1,500,509.29",19/09/04,Pedro,3.Buena
Casa,Alquiler,Barcelona,191.16,"2,008,560.52",21/01/05,Pedro,3.Buena
Casa,Venta,Barcelona,156.99,"1,559,745.82",20/02/05,Pedro,3.Buena
Casa,Alquiler,Tarragona,157.43,"1,544,568.49",13/07/05,Pedro,3.Buena
Casa,Alquiler,Lleida,169.25,"1,550,526.04",15/09/05,Pedro,3.Buena
Casa,Venta,Barcelona,171.44,"2,134,252.82",19/06/05,Pedro,3.Buena
Casa,Venta,Barcelona,170.46,"1,501,422.49",25/08/05,Pedro,3.Buena
Casa,Venta,Girona,140.73,"1,490,773.32",04/04/05,Pedro,3.Buena
Casa,Venta,Barcelona,177.54,"1,599,144.97",21/03/05,Pedro,3.Buena
Casa,Venta,Barcelona,176.8,"2,099,093.69",14/03/05,Pedro,3.Buena
Casa,Alquiler,Girona,192.28,"1,810,489.86",03/01/06,Pedro,3.Buena
Casa,Venta,Tarragona,174.31,"1,716,803.37",26/03/06,Pedro,3.Buena
Casa,Alquiler,Barcelona,162.52,"1,632,800.45",08/11/05,Pedro,3.Buena
Casa,Venta,Girona,181.68,"2,190,977.53",04/07/06,Pedro,3.Buena
Casa,Alquiler,Girona,173.88,"2,299,356.62",04/06/06,Pedro,3.Buena
Casa,Venta,Tarragona,166.3,"1,347,365.14",27/02/06,Pedro,3.Buena
Casa,Alquiler,Tarragona,165.51,"2,163,316.45",14/05/06,Pedro,3.Buena
Casa,Alquiler,Tarragona,173.34,"2,068,601.84",30/03/06,Pedro,3.Buena
Casa,Venta,Lleida,173.7,"1,797,585.82",30/12/05,Pedro,3.Buena
Casa,Venta,Lleida,155.58,"1,808,406.82",28/09/06,Pedro,3.Buena
Casa,Venta,Lleida,172.3,"1,252,048.90",03/07/06,Pedro,3.Buena
Casa,Venta,Barcelona,154.59,"1,473,063.68",13/10/06,Pedro,3.Buena
Casa,Venta,Tarragona,170.61,"1,607,207.18",26/09/06,Pedro,3.Buena
Casa,Venta,Barcelona,191.44,"2,197,984.15",03/07/06,Pedro,3.Buena
Casa,Alquiler,Girona,169.9,"1,693,258.11",03/10/06,Pedro,3.Buena
Casa,Alquiler,Tarragona,165.63,"1,827,102.72",08/07/06,Pedro,3.Buena
Casa,Venta,Girona,156.07,"1,028,994.51",13/07/06,Pedro,3.Buena
Casa,Alquiler,Tarragona,150.97,"1,630,687.12",25/11/06,Pedro,3.Buena
Casa,Venta,Girona,208.18,"1,841,061.40",03/02/07,Pedro,3.Buena
Casa,Venta,Barcelona,172.43,"2,557,149.26",12/10/06,Pedro,3.Buena
Casa,Venta,Girona,176.93,"1,495,723.37",24/01/07,Pedro,3.Buena
Casa,Alquiler,Lleida,169.98,"1,903,343.10",14/01/07,Pedro,3.Buena
Casa,Alquiler,Girona,189.24,"1,904,205.43",04/05/07,Pedro,3.Buena
Local,Venta,Lleida,106.17,"1,289,267.12",05/10/04,Pedro,3.Buena
Local,Venta,Girona,83.09,"814,506.05",09/03/05,Pedro,3.Buena
Local,Venta,Girona,104.58,"1,443,234.04",12/11/04,Pedro,3.Buena
Local,Alquiler,Lleida,87.2,"969,595.75",02/01/05,Pedro,3.Buena
Local,Alquiler,Barcelona,110.59,"966,424.93",17/08/05,Pedro,3.Buena
Local,Venta,Lleida,84.33,"743,710.11",23/04/05,Pedro,3.Buena
Local,Venta,Barcelona,82.77,"879,300.28",24/03/05,Pedro,3.Buena
Local,Alquiler,Barcelona,106.44,"1,073,326.78",17/08/05,Pedro,3.Buena
Local,Alquiler,Barcelona,94.94,"1,082,954.43",26/11/05,Pedro,3.Buena
Local,Alquiler,Girona,67.3,"485,956.18",31/10/05,Pedro,3.Buena
Local,Alquiler,Girona,118.95,"1,478,248.48",21/07/05,Pedro,3.Buena
Local,Alquiler,Tarragona,89.38,"850,382.11",24/09/05,Pedro,3.Buena
Local,Alquiler,Girona,100.47,"849,975.44",24/01/06,Pedro,3.Buena
Local,Venta,Girona,83.93,"915,801.44",05/04/06,Pedro,3.Buena
Local,Alquiler,Tarragona,94.39,"1,073,387.74",16/02/06,Pedro,3.Buena
Local,Venta,Tarragona,82.63,"1,025,317.83",27/11/05,Pedro,3.Buena
Local,Alquiler,Lleida,107.52,"1,157,337.15",11/11/06,Pedro,3.Buena
Local,Venta,Lleida,65.93,"782,783.88",24/12/06,Pedro,3.Buena
Local,Alquiler,Lleida,93.06,"1,008,500.43",14/02/07,Pedro,3.Buena
Local,Venta,Barcelona,108.01,"1,007,033.04",21/08/06,Pedro,3.Buena
Local,Alquiler,Tarragona,86.02,"725,637.92",18/04/07,Pedro,3.Buena